Refeição,Categoria,Alimento,Porção,Calorias (kcal)
Café da Manhã,Proteína,Ovos inteiros,3 unidades (150g),210
Café da Manhã,Proteína,Iogurte grego light,150g,120
Café da Manhã,Carboidrato,Pão integral,1 fatia (30g),75
Café da Manhã,Carboidrato,Aveia em flocos,3 col. sopa (30g),110
Café da Manhã,Fruta,Banana,1 unidade média,90
Café da Manhã,Fruta,Maçã,1 unidade média,70
Almoço,Proteína,Peito de frango,120g,130
Almoço,Proteína,Peixe branco,120g,115
Almoço,Carboidrato,Arroz integral cozido,100g,110
Almoço,Carboidrato,Batata-doce cozida,160g,130
Almoço,Gordura,Azeite de oliva,1 col. sopa (10g),90
Janta,Proteína,Peixe branco,100g,110
Janta,Carboidrato,Feijão cozido,2 col. sopa (60g),60
Janta,Vegetal,Brócolis,100g,30
